{"@module": "pymatgen.core.structure", "@class": "Structure", "charge": 0, "lattice": {"matrix": [[-1.435, 1.435, 1.435], [1.435, -1.435, 1.435], [1.435, 1.435, -1.435]], "pbc": [true, true, true], "a": 2.485789, "b": 2.485789, "c": 2.485789, "alpha": 109.47122, "beta": 109.47122, "gamma": 109.47122, "volume": 11.819652}, "sites": [{"species": [{"element": "Fe", "occu": 1}], "abc": [0.0, 0.0, 0.0], "xyz": [0.0, 0.0, 0.0], "label": "Fe", "properties": {}}]}
